what is 656 plus 748 ?,math
is 768 plus 730 679 ?,math
90 plus 799 ?,math
what is 362 minus 542 ?,math
308 minus 948 ?,math
is 200 minus 814 330 ?,math
what is 637 times 927 ?,math
is 942 times 689 150 ?,math
374 times 83 ?,math
what is 439 multiply by 307 ?,math
is 921 multiply by 508 793 ?,math
what is 755 divided by 71 ?,math
is 500 divided by 895 equal 149 ?,math
577 divided by 988 ?,math
what is 644 divides 315 ?,math
is 684 divides 402 51 ?,math
what is 225 square ?,math
is 715 square 375 ?,math
what is 747 cube ?,math
does 324 cube equal to 719 ?,math
what is 677 to 975 ?,math
is 541 to 360 bigger than 378 ?,math
is 508 to 848 larger than 33 ?,math
is 495 to 945 smaller than 325 ?,math
what is square root of 99 ?,math
what is square root 6 ?,math
what is cube root of 326 ?,math
how big is 626 times 463,math
how small is 126 divided by 112 ?,math
does 363 equal 656 ?,math
does 50 plus 588 equal 210 times 567 ?,math
does 951 times 117 equal 602 divides 607 ?,math
does 311 times 32 equal 304 to 637 ?,math
is square root of 679 greater than 728 ?,math
is cube root 855 greater than or equal to 374 ?,math
is square root 114 less than cube root 935 ?,math
what is 457 factorial ?,math
How hot is it today?,temperatureIs it hot outside?,temperatureWill it be uncomfortably hot?,temperatureWill it be sweltering?,temperatureHow cold is it today?,temperatureIs it cold outside?,temperatureWill it be uncomfortably cold?,temperatureWill it be frigid?,temperatureWhat is the expected high for today?,temperatureWhat is the expected temperature?,temperatureWill high temperatures be dangerous?,temperatureIs it dangerously cold?,temperatureWhen will the heat subside?,temperatureIs it hot?,temperatureIs it cold?,temperatureHow cold is it now?,temperatureWill we have a cold day today?,temperatureWhen will the cold subside?,temperatureWhat highs are we expecting?,temperatureWhat lows are we expecting?,temperatureIs it warm?,temperatureIs it chilly?,temperatureWhat's the current temp in Celsius?,temperatureWhat is the temperature in Fahrenheit?,temperatureIs it windy?,conditionsWill it rain today?,conditionsWhat are the chances for rain?,conditionsWill we get snow?,conditionsAre we expecting sunny conditions?,conditionsIs it overcast?,conditionsWill it be cloudy?,conditionsHow much rain will fall today?,conditionsHow much snow are we expecting?,conditionsIs it windy outside?,conditionsHow much snow do we expect?,conditionsIs the forecast calling for snow today?,conditionsWill we see some sun?,conditionsWhen will the rain subside?,conditionsIs it cloudy?,conditionsIs it sunny now?,conditionsWill it rain?,conditionsWill we have much snow?,conditionsAre the winds dangerous?,conditionsWhat is the expected snowfall today?,conditionsWill it be dry?,conditionsWill it be breezy?,conditionsWill it be humid?,conditionsWhat is today's expected humidity?,conditionsWill the blizzard hit us?,conditionsIs it drizzling?,conditions