what is 656 plus 748 ?,math
is 768 plus 730 679 ?,math
90 plus 799 ?,math
what is 362 minus 542 ?,math
308 minus 948 ?,math
is 200 minus 814 330 ?,math
what is 637 times 927 ?,math
is 942 times 689 150 ?,math
374 times 83 ?,math
what is 439 multiply by 307 ?,math
is 921 multiply by 508 793 ?,math
what is 755 divided by 71 ?,math
is 500 divided by 895 equal 149 ?,math
577 divided by 988 ?,math
what is 644 divides 315 ?,math
is 684 divides 402 51 ?,math
what is 225 square ?,math
is 715 square 375 ?,math
what is 747 cube ?,math
does 324 cube equal to 719 ?,math
what is 677 to 975 ?,math
is 541 to 360 bigger than 378 ?,math
is 508 to 848 larger than 33 ?,math
is 495 to 945 smaller than 325 ?,math
what is square root of 99 ?,math
what is square root 6 ?,math
what is cube root of 326 ?,math
how big is 626 times 463,math
how small is 126 divided by 112 ?,math
does 363 equal 656 ?,math
does 50 plus 588 equal 210 times 567 ?,math
does 951 times 117 equal 602 divides 607 ?,math
does 311 times 32 equal 304 to 637 ?,math
is square root of 679 greater than 728 ?,math
is cube root 855 greater than or equal to 374 ?,math
is square root 114 less than cube root 935 ?,math
what is 457 factorial ?,math
How hot is it today?,weatherIs it hot outside?,weatherWill it be uncomfortably hot?,weatherWill it be sweltering?,weatherHow cold is it today?,weatherIs it cold outside?,weatherWill it be uncomfortably cold?,weatherWill it be frigid?,weatherWhat is the expected high for today?,weatherWhat is the expected weather?,weatherWill high weathers be dangerous?,weatherIs it dangerously cold?,weatherWhen will the heat subside?,weatherIs it hot?,weatherIs it cold?,weatherHow cold is it now?,weatherWill we have a cold day today?,weatherWhen will the cold subside?,weatherWhat highs are we expecting?,weatherWhat lows are we expecting?,weatherIs it warm?,weatherIs it chilly?,weatherWhat's the current temp in Celsius?,weatherWhat is the weather in Fahrenheit?,weatherIs it windy?,weatherWill it rain today?,weatherWhat are the chances for rain?,weatherWill we get snow?,weatherAre we expecting sunny weather?,weatherIs it overcast?,weatherWill it be cloudy?,weatherHow much rain will fall today?,weatherHow much snow are we expecting?,weatherIs it windy outside?,weatherHow much snow do we expect?,weatherIs the forecast calling for snow today?,weatherWill we see some sun?,weatherWhen will the rain subside?,weatherIs it cloudy?,weatherIs it sunny now?,weatherWill it rain?,weatherWill we have much snow?,weatherAre the winds dangerous?,weatherWhat is the expected snowfall today?,weatherWill it be dry?,weatherWill it be breezy?,weatherWill it be humid?,weatherWhat is today's expected humidity?,weatherWill the blizzard hit us?,weatherIs it drizzling?,weather
